{
  "layers" : 
  [
    {
      "alias" : "$STR_SHADED_RELIEF",
      "category" : "shadedrelief",
      "id" : "shadedRelief",
      "opacity" : 1.0,
      "presence" : true,
      "type" : "wmts",
      "url" : "{vws_ows_url}layer=Blue_shaded_relief",
      "zIndex" : 0.0
    },
    {
      "alias" : "$STR_OBJECTS_LAYER",
      "category" : "other",
      "id" : "objects",
      "opacity" : 1.0,
      "presence" : true,
      "type" : "wfs",
      "url" : "{vws_ows_url}SERVICE=WFS&REQUEST=GetFeature&typeNames=bisim:PolygonsBuildings&OUTPUTFORMAT=application/geo+json&MAXQUALITY=15&MINZOOM=15&TILESIZE=256&QUALITYBIAS=-2",
      "zIndex" : 6.0
    },
    {
      "alias" : "$STR_SATELLITE_LAYER",
      "category" : "satellite",
      "id" : "satelliteTexture",
      "opacity" : 1.0,
      "presence" : true,
      "type" : "wmts",
      "url" : "{vws_ows_url}layer=Blue_alb&zoomLevelOffset=-1",
      "zIndex" : 1.0
    },
    {
      "alias" : "$STR_FOREST_LAYER",
      "category" : "other",
      "id" : "forests",
      "opacity" : 1.0,
      "presence" : true,
      "type" : "wfs",
      "url" : "{vws_ows_url}SERVICE=WFS&REQUEST=GetFeature&typeNames=bisim:PolygonsForests&OUTPUTFORMAT=application/geo+json&MAXQUALITY=14&QUALITYBIAS=-2",
      "zIndex" : 2.0
    },
    {
      "alias" : "$STR_CONTOURS_LAYER",
      "category" : "other",
      "id" : "contour",
      "opacity" : 1.0,
      "presence" : true,
      "type" : "wfs",
      "url" : "{vws_ows_url}SERVICE=WFS&REQUEST=GetFeature&typeNames=bisim:LinesContours&OUTPUTFORMAT=application/geo+json&MAXQUALITY=14&QUALITYBIAS=-4&MINZOOM=10",
      "zIndex" : 4.0
    },
    {
      "alias" : "$STR_WATER_LAYER",
      "category" : "other",
      "id" : "water",
      "opacity" : 1.0,
      "presence" : true,
      "type" : "wfs",
      "url" : "{vws_ows_url}SERVICE=WFS&REQUEST=GetFeature&typeNames=bisim:PolygonsWater&OUTPUTFORMAT=application/geo+json&TILESIZE=256&QUALITYBIAS=-1&MAXQUALITY=14",
      "zIndex" : 3.0
    },
    {
      "alias" : "$STR_GOOGLE_SAT",
      "category" : "other",
      "id" : "google_satellite",
      "opacity" : 1.0,
      "presence" : false,
      "type" : "rastertiles",
      "url" : "https://mt1.google.com/vt/lyrs=s&x={x}&y={y}&z={z}",
      "zIndex" : 9.0
    },
    {
      "alias" : "$STR_ROADS_LAYER",
      "category" : "other",
      "id" : "roads",
      "opacity" : 1.0,
      "presence" : true,
      "type" : "wfs",
      "url" : "{vws_ows_url}SERVICE=WFS&REQUEST=GetFeature&typeNames=bisim:LinesRoads&OUTPUTFORMAT=application/geo+json&MAXQUALITY=16&QUALITYBIAS=-3",
      "zIndex" : 5.0
    },
    {
      "alias" : "$STR_OPENSTREETMAP",
      "category" : "other",
      "id" : "osm",
      "opacity" : 1.0,
      "presence" : false,
      "type" : "rastertiles",
      "url" : "https://tile.openstreetmap.org/{z}/{x}/{y}.png?MAXQUALITY=18",
      "zIndex" : 8.0
    },
    {
      "alias" : "$STR_POINTS_LAYER",
      "category" : "other",
      "id" : "points",
      "opacity" : 1.0,
      "presence" : true,
      "type" : "wfs",
      "url" : "{vws_ows_url}SERVICE=WFS&REQUEST=GetFeature&typeNames=bisim:PointsMapVec&OUTPUTFORMAT=application/geo+json&MAXQUALITY=12&MINQUALITY=12&QUALITYBIAS=1&DECLUTTER",
      "zIndex" : 7.0
    },
    {
      "alias" : "$STR_GOOGLE_ROADS",
      "category" : "other",
      "id" : "google_roads",
      "opacity" : 1.0,
      "presence" : false,
      "type" : "rastertiles",
      "url" : "https://mt1.google.com/vt/lyrs=m&x={x}&y={y}&z={z}",
      "zIndex" : 10.0
    },
    {
      "alias" : "$STR_BING_ROADS",
      "category" : "other",
      "id" : "bing",
      "opacity" : 1.0,
      "presence" : false,
      "type" : "rastertiles",
      "url" : "http://ecn.dynamic.t0.tiles.virtualearth.net/comp/CompositionHandler/{q}?mkt=en-us&it=G,VE,BX,L,LA&shading=hill",
      "zIndex" : 11.0
    }
  ]
}