{
   "author" : "Bohemia Interactive Simulations",
   "color" : "#ff00ff",
   "description" : "Demonstrates the setObjectTexture script command and abilities for changing character appearances.",
   "displayName" : "SelectionBrowserVBS4",
   "editorContent" : true,
   "geoContent" : false,
   "hash" : "0236ea9453a78d7b18f334a6001c975bd2119d17",
   "id" : "SelectionBrowserVBS4",
   "isTraining" : false,
   "numPlayableUnits" : 1,
   "numPlayerUnits" : 1,
   "planContent" : false,
   "posLatLongAlt" : [ 32.03624550405574, 6.880318344751360, 137.0007135483902 ],
   "tags" : [],
   "timestamp" : "2022.11.21 12:00:00"
}
